{"IcoMoonType":"selection","icons":[{"icon":{"paths":["M64 192h896v192h-896zM64 448h896v192h-896zM64 704h896v192h-896z"],"tags":["menu","list","options","lines","hamburger"],"defaultCode":59837,"grid":16,"attrs":[]},"attrs":[],"properties":{"ligatures":"menu, list3","name":"menu","order":3,"id":190,"prevSize":32,"code":59837},"setIdx":1,"setId":1,"iconIdx":189},{"icon":{"paths":["M1024 397.050l-353.78-51.408-158.22-320.582-158.216 320.582-353.784 51.408 256 249.538-60.432 352.352 316.432-166.358 316.432 166.358-60.434-352.352 256.002-249.538zM512 753.498l-223.462 117.48 42.676-248.83-180.786-176.222 249.84-36.304 111.732-226.396 111.736 226.396 249.836 36.304-180.788 176.222 42.678 248.83-223.462-117.48z"],"tags":["star-empty","rate","star","favorite","bookmark"],"defaultCode":59863,"grid":16,"attrs":[]},"attrs":[],"properties":{"ligatures":"star-empty, rate","name":"star-empty","order":5,"id":216,"prevSize":32,"code":59863},"setIdx":1,"setId":1,"iconIdx":215},{"icon":{"paths":["M1024 397.050l-353.78-51.408-158.22-320.582-158.216 320.582-353.784 51.408 256 249.538-60.432 352.352 316.432-166.358 316.432 166.358-60.434-352.352 256.002-249.538zM512 753.498l-0.942 0.496 0.942-570.768 111.736 226.396 249.836 36.304-180.788 176.222 42.678 248.83-223.462-117.48z"],"tags":["star-half","rate","star"],"defaultCode":59864,"grid":16,"attrs":[]},"attrs":[],"properties":{"ligatures":"star-half, rate2","name":"star-half","order":6,"id":217,"prevSize":32,"code":59864},"setIdx":1,"setId":1,"iconIdx":216},{"icon":{"paths":["M1024 397.050l-353.78-51.408-158.22-320.582-158.216 320.582-353.784 51.408 256 249.538-60.432 352.352 316.432-166.358 316.432 166.358-60.434-352.352 256.002-249.538z"],"tags":["star-full","rate","star","favorite","bookmark"],"defaultCode":59865,"grid":16,"attrs":[]},"attrs":[],"properties":{"ligatures":"star-full, rate3","name":"star-full","order":4,"id":218,"prevSize":32,"code":59865},"setIdx":1,"setId":1,"iconIdx":217}],"height":1024,"metadata":{"name":"icomoon"},"preferences":{"showGlyphs":true,"showQuickUse":true,"showQuickUse2":true,"showSVGs":true,"fontPref":{"prefix":"icon-","metadata":{"fontFamily":"icomoon"},"metrics":{"emSize":1024,"baseline":6.25,"whitespace":50},"embed":false,"resetPoint":59648},"imagePref":{"prefix":"icon-","png":true,"useClassSelector":true,"color":0,"bgColor":16777215,"classSelector":".icon","name":"icomoon"},"historySize":50,"showCodes":false,"gridSize":16,"showLiga":true}}